cell,rawvalue,finPhase
5441,11,367
5442,10.75,367
5443,10.75,367
5537,11,367
5538,10.9,367
5539,10.9,367
5540,11.35,367
5547,4.4,367
5548,6.15,367
5630,11,367
5631,10.9,367
5632,10.9,367
5633,10.8,367
5634,10.75,367
5635,10.25,367
5641,5.25,367
5723,11.05,367
5724,10.9,367
5725,10.85,367
5726,10.8,367
5727,10.65,367
5728,9.65,367
5729,9,367
5730,8.65,367
5731,6.45,367
5732,5.25,367
5733,4.949999999999999,367
5734,7.4,367
5815,10.9,367
5816,10.8,367
5817,10.75,367
5818,10.7,367
5819,10.4,367
5820,9.75,367
5821,8.75,367
5822,6.699999999999999,367
5823,6.5,367
5824,6,367
5825,6.25,367
5826,10.55,367
5904,10.75,367
5905,10.65,367
5906,10.55,367
5907,10.5,367
5908,10.4,367
5909,9.85,367
5910,8.4,367
5911,6.4,367
5912,5.15,367
5913,6.8500000000000005,367
5994,10.95,367
5995,10.55,367
5996,10.45,367
5997,10.5,367
5998,10.4,367
5999,10.4,367
6000,10.1,367
6001,6.65,367
6002,6.199999999999999,367
6003,5.6,367
6004,7.3,367
6084,10.9,367
6085,10.45,367
6086,10.4,367
6087,10.4,367
6088,10.3,367
6089,10.6,367
6090,9.5,367
6091,6.550000000000001,367
6092,6.3500000000000005,367
6093,6.5,367
6094,6.550000000000001,367
6171,10.55,367
6172,10.4,367
6173,10.4,367
6174,10.55,367
6175,10.7,367
6176,9.5,367
6177,8,367
6178,6.3500000000000005,367
6179,7.15,367
6180,6.6000000000000005,367
6255,10.6,367
6256,10.8,367
6257,10.9,367
6258,10.85,367
6260,8.35,367
6261,7.7,367
6262,8.2,367
6263,10.35,367
6340,8.5,367
6341,10.15,367
6420,10.4,367
6421,9.8,367
305,7.85,367
306,8.2,367
307,7.95,367
336,9.05,367
337,8.95,367
338,8.85,367
339,8.75,367
340,8.8,367
341,8.25,367
342,7.95,367
343,7.95,367
344,7.85,367
379,9.15,367
380,9.1,367
381,9.05,367
382,9,367
383,8.9,367
384,8.4,367
385,8.3,367
386,8.2,367
387,8.1,367
388,7.85,367
427,9.15,367
428,9.2,367
429,9.15,367
430,9.15,367
431,9,367
432,8.5,367
433,8.4,367
434,8.2,367
435,7.95,367
436,7.9,367
483,9.35,367
484,9.2,367
485,9.25,367
486,9.1,367
487,9.9,367
488,9.8,367
489,8.6,367
490,8.4,367
491,8.149999999999999,367
492,7.95,367
541,9.2,367
542,9.35,367
543,9.45,367
544,10.1,367
545,10.1,367
546,10.05,367
547,8.9,367
548,8.6,367
549,8.5,367
602,9.4,367
603,10.2,367
604,9.8,367
605,9.85,367
606,10.1,367
607,10,367
608,9.7,367
609,9.55,367
610,9.45,367
671,10.2,367
672,10.05,367
673,9.55,367
674,9.75,367
675,10,367
676,9.75,367
677,9.35,367
678,9.55,367
679,9.55,367
744,9.75,367
745,9.65,367
746,9.8,367
747,9.7,367
748,9.65,367
749,9.6,367
750,9.6,367
751,9.7,367
752,9.7,367
823,10.15,367
824,10.25,367
825,10.15,367
826,10.15,367
827,10.05,367
828,10.15,367
829,9.7,367
906,9.3,367
907,9.8,367
908,9.8,367
909,9.9,367
910,9.9,367
911,10.05,367
992,9.8,367
993,9.65,367
994,9.65,367
995,9.65,367
996,9.8,367
997,9.7,367
1080,9.9,367
1081,9.8,367
1082,9.8,367
1083,9.65,367
1084,9.55,367
1085,9.35,367
1169,9.85,367
1170,9.7,367
1171,9.55,367
1172,9.45,367
1173,9.55,367
1260,9.35,367
1261,9.8,367
1262,9.65,367
1263,9.6,367
1360,9.7,367
1361,9.65,367
1362,9.4,367
1363,9.55,367
1465,9.55,367
5102,11.15,367
5103,11.3,367
5212,11.1,367
5213,10.8,367
5214,11,367
5215,11,367
5216,11.15,367
5217,11,367
5218,10.8,367
5219,10.45,367
5220,10.9,367
5221,11.05,367
5317,11.8,367
5318,10.55,367
5319,10.3,367
5320,10.75,367
5321,10.85,367
5322,11.05,367
5323,11.05,367
5324,10.9,367
5325,10.7,367
5326,10.85,367
5327,10.9,367
5417,11.05,367
5418,11.75,367
5419,10.9,367
5420,10.7,367
5421,10.8,367
5422,10.7,367
5423,10.7,367
5424,10.75,367
5425,10.85,367
5426,10.6,367
5427,10.7,367
5428,10.75,367
5429,10.8,367
5512,10.35,367
5513,10.9,367
5514,11.6,367
5515,10.8,367
5516,11,367
5517,10.9,367
5518,10.2,367
5519,10.05,367
5520,10.65,367
5521,11.25,367
5522,11,367
5523,10.9,367
5524,10.6,367
5525,10.5,367
5526,10.6,367
5527,10.75,367
5606,10.1,367
5607,10.8,367
5608,11.5,367
5609,10.5,367
5610,10.65,367
5611,10.45,367
5612,9.85,367
5613,9.95,367
5614,10.55,367
5615,11.2,367
5616,10.95,367
5617,10.95,367
5618,10.7,367
5619,10.1,367
5620,10.35,367
5621,10.6,367
5700,10.15,367
5701,10.95,367
5702,10.4,367
5703,10.3,367
5704,9.9,367
5705,9.85,367
5706,10.1,367
5707,10.65,367
5708,11.15,367
5709,11.05,367
5710,10.75,367
5711,10.65,367
5712,10.15,367
5713,10.15,367
5793,9.95,367
5794,9.5,367
5795,9.35,367
5797,9.65,367
5798,10.55,367
5799,10.85,367
5800,10.9,367
5801,10.9,367
5802,10.65,367
5803,10.9,367
5804,10.25,367
5882,9.7,367
5886,9.35,367
5887,10.3,367
5888,10.6,367
5889,10.6,367
5890,10.85,367
5891,10.5,367
5892,10.35,367
5893,9.65,367
5978,9.7,367
5979,10.25,367
5980,10.35,367
5981,10.65,367
5982,10.15,367
5983,9.6,367
5984,8.5,367
6073,8.85,367
6074,8.25,367
7576,-3.0999999999999996,367
7657,-1.4,367
7738,0.10000000000000007,367
7739,-0.30000000000000004,367
7814,4.35,367
7816,2.7,367
7817,1.9,367
7818,1,367
7819,0.4,367
7820,0.7499999999999999,367
7821,-0.30000000000000004,367
7895,5.1,367
7896,3.8,367
7897,3.85,367
7898,2.1,367
7899,1.15,367
7900,0.3999999999999999,367
7901,1.2,367
7902,0.3999999999999999,367
7903,-1.25,367
7978,5.15,367
7979,4.1,367
7980,2.75,367
7981,1.8,367
7982,1.6,367
7983,0.6,367
7984,1.3,367
7985,0,367
8062,5.6,367
8063,4.85,367
8064,4.1,367
8065,3.2,367
8066,3.7,367
8067,3.8,367
8068,2.3,367
8069,1.7999999999999998,367
8070,1.3,367
8151,7.35,367
8152,7.9,367
8153,8.4,367
8154,8.7,367
8155,5.75,367
8156,5.35,367
8157,5.1499999999999995,367
8158,3.8,367
8159,2.6,367
8160,2.75,367
8161,0.8499999999999999,367
8241,7.6,367
8242,7.550000000000001,367
8243,6.6499999999999995,367
8244,7.7,367
8245,8.6,367
8246,6.05,367
8247,6.1,367
8248,5.6,367
8249,4.05,367
8250,3.45,367
8251,3.2,367
8252,2.3,367
8332,8.25,367
8333,8.5,367
8334,8.6,367
8335,8.7,367
8336,6.5,367
8337,6.15,367
8338,6.1,367
8339,5.25,367
8340,6.3,367
8341,5.65,367
8342,5.3,367
8343,6,367
8344,5.1,367
8424,8.65,367
8425,8.6,367
8426,8.6,367
8427,8.35,367
8428,8.1,367
8429,7.85,367
8430,7.6,367
8431,5.699999999999999,367
8432,5.9,367
8433,5.75,367
8434,5.7,367
8435,5.5,367
8436,6.05,367
8516,8.65,367
8517,8.45,367
8518,8.25,367
8519,8.15,367
8520,7.85,367
8521,7.45,367
8522,5.35,367
8523,4.95,367
8524,6.15,367
8525,5.85,367
8526,5.35,367
8608,8.05,367
8609,8.25,367
8610,8.2,367
8611,8.05,367
8612,7.85,367
8613,7,367
8614,6.2,367
8698,9.15,367
8700,8.3,367
8701,8.25,367
7081,-0.65,367
7082,-1.55,367
7084,-1.95,367
7159,-2.1,367
7160,-1.6,367
7161,-0.5499999999999999,367
7162,-0.5499999999999999,367
7163,0.30000000000000004,367
7240,-2.6,367
7241,-0.30000000000000004,367
7242,1.15,367
7320,-2.9,367
7321,0.04999999999999993,367
7322,1.3,367
7323,0.15000000000000002,367
7324,-1.95,367
7325,-3.25,367
7326,-2.8,367
7400,3,367
7401,1.9,367
7402,0.4,367
7403,-1.6,367
7404,-1.05,367
7405,1.4,367
7406,-1.35,367
7407,-0.95,367
7408,-0.6000000000000001,367
7409,-1.7,367
7482,3.05,367
7483,3.7,367
7484,1.95,367
7485,0.8500000000000001,367
7486,-0.05000000000000004,367
7487,-1.05,367
7488,-0.19999999999999996,367
7489,1.1,367
7490,-0.19999999999999996,367
7491,-1.25,367
7492,-3.1999999999999997,367
7493,-3.5500000000000003,367
7565,2.55,367
7566,2.05,367
7567,2.35,367
7568,3.65,367
7569,2.6,367
7570,0.65,367
7571,-0.7,367
7572,2.4000000000000004,367
7573,1.5,367
7574,-0.85,367
7575,-2.3,367
7646,4.3,367
7647,3.75,367
7648,3.5999999999999996,367
7649,3.75,367
7650,4.7,367
7651,3.6,367
7652,2.55,367
7653,2.5999999999999996,367
7654,2.4,367
7655,-1,367
7656,-1.6,367
7728,5.7,367
7729,5.5,367
7730,4.3,367
7731,5.15,367
7732,5.4,367
7733,4.4,367
7734,3.15,367
7735,2.05,367
7736,0.45,367
7737,-1.55,367
7808,5.15,367
7809,4.65,367
7810,5.7,367
7811,5.2,367
7812,4.75,367
7813,5.45,367
7815,5.35,367
7890,5.699999999999999,367
7891,5.6,367
7892,5.4,367
7893,5.7,367
7894,5.5,367
7975,5.65,367
7976,5.65,367
7977,5.5,367
8060,5.6,367
8061,5.1,367
7904,1.0499999999999998,367
7986,1,367
7987,3.85,367
8071,3,367
8072,3.1,367
8073,4.55,367
8074,4.45,367
8075,1.4,367
8162,5.9,367
8163,5.9,367
8164,3.9,367
8165,6.2,367
8166,2.95,367
8167,3.65,367
8168,0.95,367
8169,2.4000000000000004,367
8170,6.6,367
8253,5.449999999999999,367
8254,6.550000000000001,367
8255,5.4,367
8256,7.800000000000001,367
8257,6.699999999999999,367
8258,6.65,367
8259,5.05,367
8260,4.9,367
8261,8.9,367
8345,8.75,367
8346,8.75,367
8347,8.6,367
8348,7.800000000000001,367
8349,9.65,367
8350,7.1,367
8351,8.45,367
8352,7.45,367
8437,6.6499999999999995,367
8438,9.35,367
8439,8.85,367
8440,8.95,367
8441,10.05,367
8442,9.9,367
8443,10.35,367
8527,8.55,367
8528,8.75,367
8529,8.15,367
8530,8.5,367
8531,11.65,367
8532,10.7,367
8533,10.6,367
8534,10.3,367
8618,8.15,367
8619,8.4,367
8620,8.95,367
8621,11.2,367
8622,11,367
8623,10.85,367
8624,10.8,367
8709,9.4,367
8710,11.15,367
8711,11.65,367
8712,11.35,367
8799,11.65,367
8800,11.95,367
8801,11.95,367
8888,12.1,367
8889,12.3,367
6820,9.9,367
6902,9.15,367
6903,9.85,367
6983,7.1,367
6984,9.05,367
6985,10.05,367
7063,7.05,367
7064,6.85,367
7065,8.7,367
7066,9.55,367
7141,6.65,367
7142,7.9,367
7143,9.1,367
7144,9.9,367
7145,10.4,367
7219,6.75,367
7220,6.75,367
7221,8.75,367
7222,9.1,367
7223,9.3,367
7224,9.75,367
7299,5.35,367
7300,5.65,367
7301,6.5,367
7302,6.6,367
7303,8.65,367
7304,9,367
7305,10.05,367
7381,5.699999999999999,367
7382,5.25,367
7383,6.949999999999999,367
7384,5.55,367
7385,6.75,367
7386,7.9,367
7387,9.95,367
7388,10.65,367
7463,5.85,367
7464,6,367
7465,6,367
7466,6,367
7467,5.45,367
7468,6.85,367
7469,7.65,367
7470,8.55,367
7546,6.4,367
7547,5.25,367
7548,6.1,367
7549,7.35,367
7550,7.9,367
7551,8.15,367
7552,6.55,367
7553,7.800000000000001,367
7554,8.8,367
7628,5.85,367
7629,5.85,367
7630,5.85,367
7631,7.3,367
7632,8.1,367
7633,8.15,367
7634,7.75,367
7635,7.4,367
7636,8.7,367
7711,6.75,367
7712,7.3,367
7713,8.05,367
7714,8.1,367
7715,7.9,367
7716,7.75,367
7717,7.75,367
7718,9.45,367
7793,7.4,367
7794,8,367
7795,8.1,367
7796,8.2,367
7797,7.95,367
7798,7.699999999999999,367
7799,7.85,367
7876,8.1,367
7877,8.2,367
7878,8,367
7879,8.05,367
7880,7.65,367
7881,8.65,367
7959,8.1,367
7960,8.25,367
7961,7.9,367
7962,7.85,367
7963,7.75,367
7964,9.05,367
281,8.05,367
282,7.65,367
315,7.4,367
349,7.2,367
350,6.7,367
389,7.6,367
390,7.2,367
391,7,367
392,7.15,367
393,7.4,367
394,7.3,367
437,7.95,367
438,7.699999999999999,367
439,7.95,367
440,8,367
441,7.75,367
442,7.4,367
493,7.95,367
494,7.85,367
495,7.75,367
496,7.85,367
497,8.3,367
498,8.8,367
499,7.8,367
500,7.15,367
550,8.3,367
551,8.45,367
552,8.350000000000001,367
553,7.95,367
554,7.9,367
555,7.75,367
556,8.6,367
557,8.6,367
558,8.85,367
559,8.85,367
560,8.25,367
611,8.7,367
612,8.75,367
613,8.9,367
614,8.5,367
615,8.05,367
616,7.95,367
617,8.9,367
618,8.4,367
619,8.6,367
620,8.45,367
621,8.6,367
680,9.6,367
681,9.65,367
682,9.65,367
683,9.05,367
684,8.75,367
685,8.95,367
686,8.9,367
687,8.6,367
688,8.8,367
753,9.7,367
754,9.5,367
755,9.4,367
756,9.4,367
757,9.5,367
758,9.3,367
759,8.9,367
760,8.75,367
761,8.350000000000001,367
833,9.5,367
834,9.5,367
835,9.4,367
836,9.25,367
837,9.5,367
838,8.95,367
839,9.05,367
840,8.5,367
919,9.25,367
920,9.05,367
921,9.4,367
922,9.3,367
923,9.05,367
924,8.95,367
9319,9.7,367
9320,9.7,367
9321,9.75,367
9322,9.8,367
9381,9.9,367
9383,9.75,367
9384,9.75,367
9385,9.8,367
9386,9.7,367
9387,9.7,367
9388,9.25,367
9436,9.9,367
9437,9.9,367
9438,9.95,367
9439,9.95,367
9440,9.9,367
9441,10.05,367
9442,9.95,367
9443,9.85,367
9444,8.85,367
9445,8.85,367
9484,9,367
9485,9.95,367
9486,9.95,367
9487,9.95,367
9488,9.95,367
9489,10.45,367
9490,10.25,367
9491,10.4,367
9492,9.45,367
9493,9.3,367
9525,7.2,367
9526,9,367
9527,7.550000000000001,367
9528,9.25,367
9529,7.95,367
9530,6.75,367
9531,8.05,367
9532,8.95,367
9533,10.15,367
9534,10.1,367
9535,10.05,367
9569,5,367
9570,6.15,367
9571,5.35,367
9572,8.4,367
9573,7.1,367
9574,5.8,367
9575,6.85,367
9576,9.15,367
9577,6.300000000000001,367
9578,6.1,367
9579,7.300000000000001,367
9611,2.5,367
9613,3.95,367
9614,6,367
9615,6.050000000000001,367
9616,4.6,367
9617,6.699999999999999,367
9618,7.05,367
9619,7.85,367
9620,6.6,367
9621,5.05,367
9658,4,367
9659,4.25,367
9660,4.7,367
9661,5.1,367
9662,6.65,367
9663,5.75,367
9664,5,367
9665,7.1,367
9690,2.25,367
9691,2.35,367
9692,2.6,367
9693,3.4,367
9694,4.35,367
9695,3.6,367
1819,10.45,367
1820,10.4,367
1942,10.75,367
1943,10.6,367
1944,10.55,367
1945,9.85,367
2060,10.8,367
2061,11,367
2062,10.35,367
2064,10.85,367
2065,10.8,367
2066,10.75,367
2067,10.7,367
2068,10.6,367
2069,10.55,367
2070,10.8,367
2071,10.5,367
2182,10.95,367
2183,10.7,367
2184,10.75,367
2185,10.7,367
2186,10.85,367
2187,10.5,367
2188,10.5,367
2189,10.35,367
2190,10.6,367
2191,10.6,367
2192,10.9,367
2193,10.45,367
2304,10.7,367
2305,10.55,367
2306,10.5,367
2307,10.45,367
2308,10.55,367
2309,10.7,367
2310,10.3,367
2311,10.35,367
2312,10.6,367
2313,10.85,367
2314,10.8,367
2315,10.65,367
2316,10.05,367
2427,10.55,367
2428,10.35,367
2429,10.55,367
2430,10.1,367
2431,10.6,367
2432,10.7,367
2433,10.5,367
2434,10.8,367
2435,10.55,367
2436,10.5,367
2437,10.2,367
2438,10,367
2555,10.55,367
2556,10.35,367
2557,10.2,367
2558,10.35,367
2559,10.6,367
2560,10.8,367
2561,10.75,367
2562,10.5,367
2563,10.05,367
2564,10.1,367
2565,10.3,367
2685,10.2,367
2686,10.05,367
2687,9.85,367
2688,10.3,367
2689,10.75,367
2690,10.75,367
2691,10.5,367
2692,10.25,367
2693,9.9,367
2694,9.8,367
2695,9.95,367
2814,10.5,367
2815,10.65,367
2816,10.55,367
2817,10.4,367
2818,10.35,367
2819,10.35,367
2820,9.95,367
2821,9.55,367
2945,10.8,367
2946,10.65,367
2947,10.3,367
2948,10.05,367
2949,10.1,367
2950,10.15,367
2951,9.9,367
3079,10.2,367
3080,10,367
9104,7.9,367
9106,7.75,367
9179,9.1,367
9180,9.05,367
9181,9.05,367
9182,9,367
9183,8.95,367
9184,8.9,367
9185,8.95,367
9186,8.95,367
9255,9.05,367
9256,9.05,367
9257,9,367
9258,9.05,367
9259,9,367
9260,9.05,367
9261,9,367
9262,9.05,367
9263,9.05,367
9264,9.1,367
9265,9.1,367
9267,9.1,367
9268,9.05,367
9323,9.05,367
9324,9.15,367
9325,9.05,367
9326,9.05,367
9327,9.05,367
9328,9,367
9329,9,367
9330,9.05,367
9331,9.1,367
9332,9.1,367
9333,9.1,367
9334,9.1,367
9335,10.35,367
9336,10.3,367
9337,10.25,367
9389,9.35,367
9390,9.25,367
9391,9.05,367
9392,9.05,367
9393,9,367
9394,9.05,367
9395,9.1,367
9396,9.1,367
9397,9.05,367
9398,9.1,367
9399,10.2,367
9400,10.25,367
9401,10.25,367
9446,9.55,367
9447,9.3,367
9448,9.05,367
9449,9.05,367
9450,9.6,367
9451,9.25,367
9452,9.1,367
9453,9.1,367
9454,10.05,367
9455,10.15,367
9456,10.35,367
9457,10.35,367
9494,9.6,367
9495,9.95,367
9496,9.35,367
9497,9.65,367
9498,10.3,367
9499,9.55,367
9500,9.2,367
9501,9.1,367
9502,10.05,367
9503,10.05,367
9504,10.25,367
9536,10.3,367
9537,10.15,367
9538,9.3,367
9539,9.45,367
9540,10.35,367
9541,9.75,367
9542,9.55,367
9543,9.25,367
9544,9.95,367
9545,10,367
9546,10.2,367
9580,9.8,367
9581,10.15,367
9582,10.25,367
9583,10.3,367
9584,9.75,367
9585,9.5,367
9586,9.15,367
9587,8.85,367
9622,7.45,367
9623,8.850000000000001,367
9624,9,367
9625,9.1,367
9666,7.1,367
9667,7.45,367
7367,7.5,367
7368,6.8,367
7449,8.4,367
7450,7.8,367
7451,7.1,367
7452,6.35,367
7533,8.7,367
7534,7.7,367
7535,7,367
7536,5.6,367
7612,9.45,367
7614,9.25,367
7615,9.25,367
7616,7.8,367
7617,7.2,367
7618,6.050000000000001,367
7693,9.8,367
7694,9.7,367
7695,9.45,367
7696,9.05,367
7697,9.05,367
7698,9.15,367
7699,7.8,367
7700,7.2,367
7701,5.75,367
7773,9.9,367
7774,9.8,367
7775,9.45,367
7776,9.6,367
7777,9.7,367
7778,9.6,367
7779,9.25,367
7780,8.55,367
7781,8.399999999999999,367
7782,8.25,367
7783,7.550000000000001,367
7854,9.95,367
7855,9.85,367
7856,9.75,367
7857,8.75,367
7858,8.7,367
7859,9.25,367
7860,9.15,367
7861,8.55,367
7862,8.55,367
7863,8.55,367
7864,8.45,367
7865,7.8,367
7866,7.7,367
7938,9.9,367
7939,9.65,367
7940,8.7,367
7941,8.55,367
7942,8.55,367
7943,8.55,367
7944,8.55,367
7945,8.35,367
7946,8.1,367
7947,8.2,367
7948,7.15,367
7949,6.949999999999999,367
8023,9.9,367
8024,9.6,367
8025,8.5,367
8026,8.45,367
8027,8.35,367
8028,8.25,367
8029,8.4,367
8030,8.149999999999999,367
8031,7.449999999999999,367
8032,7.35,367
8033,7.35,367
8034,6.949999999999999,367
8114,9.9,367
8115,9.8,367
8116,8.8,367
8117,8.8,367
8118,8.6,367
8119,8.6,367
8120,8.3,367
8121,7.449999999999999,367
8122,7.35,367
8123,7.2,367
8124,7.449999999999999,367
8125,7.65,367
8126,7.5,367
8208,8.850000000000001,367
8209,8.8,367
8210,8.6,367
8211,8.3,367
8212,7.449999999999999,367
8213,7.35,367
8214,7.25,367
8215,7.6,367
8216,7.449999999999999,367
8217,7.4,367
8218,7.05,367
8301,8.7,367
8302,8.5,367
8303,7.550000000000001,367
8304,7.8,367
8305,7.85,367
8306,7.699999999999999,367
8307,7.449999999999999,367
8308,7.25,367
8309,7.3,367
8394,7.699999999999999,367
8395,7.9,367
8396,7.85,367
8397,7.449999999999999,367
8398,7.55,367
8399,7.35,367
8400,7.199999999999999,367
8401,7.45,367
8402,7.25,367
8485,7.8,367
8486,7.75,367
8487,7.9,367
8488,7.75,367
8489,7.65,367
8490,7.35,367
8491,7.3,367
8492,7.25,367
8576,7.95,367
8577,7.699999999999999,367
8578,7.85,367
8579,7.8,367
8580,7.5,367
8581,7.6,367
8582,7.45,367
8667,7.95,367
8668,7.95,367
8669,7.95,367
8670,7.449999999999999,367
8760,8.5,367
8507,10.05,367
8508,10.1,367
8597,10.1,367
8598,10.1,367
8599,10,367
8600,10,367
8687,10.1,367
8688,9.9,367
8689,9.7,367
8690,9.65,367
8691,9.8,367
8776,10.1,367
8777,10.15,367
8778,10.25,367
8779,10,367
8780,9.9,367
8781,10,367
8782,9.65,367
8783,9.4,367
8784,9.35,367
8785,8.95,367
8787,9.35,367
8788,9.35,367
8863,10.1,367
8864,10.1,367
8865,10.05,367
8866,10.1,367
8867,10.25,367
8868,10.2,367
8869,10.15,367
8870,10.05,367
8871,9.7,367
8872,9.3,367
8873,9.35,367
8874,9.45,367
8875,9.45,367
8952,10.1,367
8953,10.1,367
8954,10.1,367
8955,10.1,367
8956,10.45,367
8957,10.4,367
8958,10.4,367
8959,10.8,367
8960,10,367
8961,9.7,367
8962,9.45,367
8963,9.35,367
8964,9.45,367
9036,10.1,367
9037,10.1,367
9038,10.1,367
9039,10.1,367
9040,10.1,367
9041,10.1,367
9042,10.5,367
9043,10.45,367
9044,10.45,367
9045,11,367
9046,10.65,367
9047,10.25,367
9048,9.45,367
9049,9.3,367
9050,9.3,367
9051,10.3,367
9121,10.1,367
9122,10.1,367
9123,10.5,367
9124,10.5,367
9125,10.85,367
9126,10.8,367
9127,10.55,367
9128,10.35,367
9129,9.85,367
9130,10.15,367
9131,10.05,367
9202,10.5,367
9203,10.95,367
9204,10.95,367
9207,10.55,367
9208,10.25,367
9209,10.05,367
9276,11.6,367
9277,11.55,367
9278,10.1,367
789,11.6,367
790,11.45,367
796,10.9,367
797,11.15,367
869,11.55,367
870,11.55,367
871,11.4,367
872,11.3,367
873,11.4,367
874,11.45,367
875,11.55,367
879,11.5,367
880,11.35,367
881,10.65,367
955,11.95,367
956,11.6,367
957,11.6,367
958,11.7,367
959,11.45,367
960,11.5,367
961,11.6,367
962,11.55,367
963,11.7,367
964,11.35,367
965,10.9,367
966,11.15,367
967,10.9,367
1043,11.35,367
1044,11.25,367
1045,11.45,367
1046,11.45,367
1047,11.45,367
1048,11.7,367
1049,11.8,367
1050,11.8,367
1051,11.7,367
1052,10.9,367
1053,11.05,367
1054,10.8,367
1133,10.95,367
1134,11.2,367
1135,11.25,367
1136,11.3,367
1137,11.35,367
1138,11.45,367
1139,11.6,367
1140,11.75,367
1141,11.2,367
1142,10.9,367
1143,10.9,367
1222,10.85,367
1223,10.45,367
1224,10.5,367
1225,10.75,367
1226,11.3,367
1227,10.85,367
1228,11.1,367
1229,11.45,367
1230,11.55,367
1231,11,367
1232,10.7,367
1233,10.55,367
1321,11.35,367
1322,11.25,367
1323,10.7,367
1324,10.6,367
1325,10.8,367
1326,10.95,367
1327,10.7,367
1328,10.7,367
1329,11.35,367
1330,11.35,367
1331,10.75,367
1332,10.55,367
1423,10.45,367
1424,10.95,367
1425,11,367
1426,10.65,367
1427,10.85,367
1428,11.1,367
1430,10.85,367
1431,10.55,367
1432,11,367
1534,10.3,367
6716,7.699999999999999,367
6797,8.65,367
6798,8.75,367
6799,8.05,367
6800,7.35,367
6801,6.7,367
6880,8.8,367
6881,7.75,367
6882,7.449999999999999,367
6883,6.95,367
6884,6.55,367
6885,5.55,367
6886,5.449999999999999,367
6887,7.4,367
6961,8.45,367
6962,7.9,367
6963,7.449999999999999,367
6964,6,367
6965,6.2,367
6966,5.949999999999999,367
6967,6.05,367
6968,6.05,367
6969,7.25,367
6970,7.1000000000000005,367
7042,8.149999999999999,367
7043,7.800000000000001,367
7044,6.449999999999999,367
7045,5.1,367
7046,5.25,367
7047,5.35,367
7048,6.05,367
7049,6.1,367
7050,5.949999999999999,367
7051,6.6,367
7119,8.75,367
7120,8.55,367
7121,7.95,367
7122,6.6,367
7123,5.3,367
7124,4.4,367
7125,4.75,367
7126,5.449999999999999,367
7127,6.050000000000001,367
7128,6.15,367
7129,6.15,367
7130,6.65,367
7198,8.45,367
7199,8.55,367
7200,7.95,367
7201,6.8999999999999995,367
7202,6.15,367
7203,5.25,367
7204,4.7,367
7205,5.25,367
7206,5.85,367
7207,6.45,367
7208,6.9,367
7209,5.4,367
7279,8.55,367
7280,8.4,367
7281,8.15,367
7282,7.65,367
7283,7.2,367
7284,6.25,367
7285,6.1,367
7286,5.8,367
7287,6.15,367
7288,7.1,367
7289,6.9,367
7362,8.35,367
7363,8.3,367
7364,8.05,367
7365,7.7,367
7366,8.1,367
7369,7.05,367
7370,7,367
7371,6.550000000000001,367
7445,8.75,367
7446,8.65,367
7447,8,367
7448,8,367
7453,5.95,367
7529,9.4,367
7530,9.05,367
7531,8.55,367
7532,8.25,367
7537,5.699999999999999,367
7611,9.85,367
7613,9.15,367
5949,11.5,367
5950,11.55,367
5953,11.25,367
5954,11.55,367
5955,11.55,367
6038,11.75,367
6039,11.6,367
6040,11.65,367
6041,11.4,367
6042,11.3,367
6043,11.6,367
6044,11.55,367
6045,11.45,367
6046,11.2,367
6123,11.75,367
6124,11.8,367
6125,11.8,367
6126,11.75,367
6127,11.6,367
6128,11.4,367
6129,11.55,367
6130,11.55,367
6131,11.45,367
6132,10.85,367
6206,11.7,367
6207,11.9,367
6208,11.8,367
6209,11.75,367
6210,11.7,367
6211,11.85,367
6212,11.65,367
6213,11.45,367
6214,11.55,367
6282,12.7,367
6283,12.45,367
6284,12.2,367
6285,11.7,367
6286,11.95,367
6287,11.85,367
6288,11.65,367
6289,11.75,367
6290,11.9,367
6291,11.3,367
6292,11.2,367
6362,12.4,367
6363,12.4,367
6364,12.4,367
6365,12.15,367
6366,11.95,367
6367,11.95,367
6368,11.65,367
6369,11.65,367
6370,11.4,367
6371,11.25,367
6372,10.95,367
6442,12.4,367
6443,12.3,367
6444,12.2,367
6445,12.3,367
6446,12.2,367
6447,11.95,367
6448,11.65,367
6449,11.55,367
6450,11.5,367
6451,11.6,367
6523,12.2,367
6524,12.05,367
6525,12.05,367
6526,12.05,367
6527,11.65,367
6528,11.4,367
6529,11.25,367
6530,11.4,367
6606,11.95,367
6607,12.05,367
6608,11.65,367
6609,11.45,367
6610,11.45,367
6611,11.45,367
6689,11.65,367
6690,11.7,367
6691,11.55,367
6692,11.55,367
6693,11.6,367
6771,11.8,367
6772,11.65,367
6773,11.55,367
6774,11.65,367
6775,11.7,367
6776,11.7,367
6856,11.7,367
6857,11.85,367
6858,11.8,367
5573,13,367
5574,13,367
5665,13.2,367
5666,12.95,367
5667,12.95,367
5668,12.9,367
5755,13.2,367
5757,13.15,367
5758,12.85,367
5759,12.9,367
5760,12.85,367
5761,12.8,367
5847,13.05,367
5848,12.85,367
5849,12.8,367
5850,12.65,367
5851,12.65,367
5938,13.2,367
5939,12.95,367
5940,12.9,367
5941,12.8,367
5942,12.7,367
5943,12.6,367
5944,12.65,367
5945,12.3,367
6025,13.1,367
6026,13.15,367
6028,13.2,367
6029,12.95,367
6030,12.9,367
6031,12.85,367
6032,12.8,367
6033,12.65,367
6034,12.65,367
6035,12.45,367
6036,12.1,367
6112,13.1,367
6113,13.2,367
6114,13.1,367
6115,12.7,367
6116,12.7,367
6117,12.85,367
6118,12.65,367
6119,12.7,367
6120,12.65,367
6121,12.45,367
6122,12.3,367
6196,13.1,367
6197,13.15,367
6198,12.65,367
6199,12.65,367
6200,12.65,367
6201,12.7,367
6202,12.65,367
6203,12.8,367
6204,12.7,367
6205,12.35,367
6274,13.05,367
6275,13.1,367
6276,13.1,367
6277,12.65,367
6278,12.65,367
6279,12.5,367
6280,12.65,367
6281,12.45,367
6355,13.05,367
6356,13.05,367
6357,12.7,367
6358,12.6,367
6359,12.5,367
6360,12.7,367
6361,12.65,367
6436,13.1,367
6437,12.65,367
6438,12.65,367
6439,12.55,367
6440,12.6,367
6441,12.6,367
6516,12.6,367
6517,12.9,367
6518,12.55,367
6519,12.6,367
6520,12.6,367
6521,12.5,367
6522,12.5,367
6600,12.85,367
6601,12.55,367
6602,12.55,367
6603,12.55,367
6604,12.5,367
6605,12.4,367
6683,12.65,367
6684,12.8,367
6685,12.45,367
6686,12.45,367
6687,12.45,367
6688,12.3,367
6767,12.9,367
6768,12.45,367
6769,12.4,367
6770,12.35,367
6853,12.3,367
6854,12.2,367
6855,12.25,367
6935,12.45,367
6936,12.3,367
6937,12.4,367
6938,12.3,367
7017,11.95,367
7018,12.45,367
7019,12.5,367
3689,11.05,367
3690,11.2,367
3811,11.2,367
3812,11.05,367
3813,11,367
3814,10.75,367
3933,11.15,367
3934,10.8,367
3935,10.6,367
3936,10.6,367
3937,10.55,367
3938,10.85,367
4052,11.3,367
4053,11.05,367
4054,10.7,367
4055,10.25,367
4056,10.05,367
4057,10.4,367
4058,10.55,367
4169,11.2,367
4170,11,367
4171,10.45,367
4172,10.5,367
4173,9.85,367
4174,10.25,367
4175,10.65,367
4284,11.45,367
4285,11.3,367
4286,11.2,367
4287,10.95,367
4288,10.65,367
4289,10.6,367
4290,10.5,367
4291,10.4,367
4292,10.95,367
4293,10.8,367
4399,11.65,367
4400,11.65,367
4401,11.45,367
4402,11.5,367
4403,11.2,367
4404,11.3,367
4405,11.1,367
4406,11.1,367
4407,10.85,367
4408,10.95,367
4409,11.05,367
4517,11.65,367
4518,11.75,367
4519,11.65,367
4520,11.55,367
4521,11.35,367
4522,11.2,367
4523,11.05,367
4524,10.95,367
4525,11,367
4526,10.9,367
4634,11.65,367
4635,11.55,367
4636,11.5,367
4637,11.5,367
4638,11.2,367
4639,11.2,367
4640,11.05,367
4641,10.85,367
4642,11.05,367
4643,11.25,367
4751,11.5,367
4752,11.5,367
4753,11.3,367
4754,11.15,367
4755,11.1,367
4756,10.95,367
4757,11,367
4758,11.15,367
4759,11.15,367
4867,11.45,367
4868,11.4,367
4869,11.3,367
4870,11.15,367
4871,11.1,367
4872,11.15,367
4873,10.95,367
4874,11.05,367
4875,11.05,367
4982,11.35,367
4983,11.4,367
4984,11.4,367
4985,11.3,367
4986,11,367
4987,10.85,367
4988,11.05,367
4989,11,367
4990,11.05,367
5095,11.7,367
5096,11.75,367
5097,11.7,367
5098,11.1,367
5099,11.05,367
5100,11.05,367
5101,10.85,367
5207,11.5,367
5208,11.6,367
5209,11.55,367
5210,11.7,367
5211,11.6,367
5313,11.9,367
5314,11.2,367
5315,11.4,367
5316,11.4,367
5415,10.75,367
5416,10.85,367
5510,10.1,367
5511,10.25,367
6386,7.199999999999999,367
6463,8.45,367
6464,8.25,367
6465,7.55,367
6466,7.05,367
6467,7.75,367
6468,7.75,367
6469,7.25,367
6470,7.6,367
6542,9.3,367
6543,9,367
6544,8.15,367
6545,7.45,367
6546,7,367
6547,7.6,367
6548,7.8,367
6549,7.449999999999999,367
6622,9.8,367
6623,9.7,367
6624,9.7,367
6625,9.15,367
6626,8,367
6627,7.4,367
6628,7.7,367
6629,7.85,367
6630,7.95,367
6631,7.8,367
6632,7.75,367
6703,10.15,367
6704,10.05,367
6705,9.8,367
6706,9.9,367
6707,9.8,367
6708,9.2,367
6709,8.45,367
6710,8.15,367
6711,8.5,367
6712,8.1,367
6713,8.05,367
6714,8.2,367
6715,8.1,367
6787,9.85,367
6788,10.05,367
6789,9.85,367
6790,9.55,367
6791,9.2,367
6792,9.05,367
6793,8.65,367
6794,8.65,367
6795,8.8,367
6796,8.2,367
6869,10.6,367
6870,11.05,367
6871,10.3,367
6872,9.95,367
6873,9.2,367
6874,9.4,367
6875,8.8,367
6876,8.8,367
6877,8.65,367
6878,8.850000000000001,367
6879,8.75,367
6951,10.7,367
6952,10.9,367
6953,11.4,367
6954,10.35,367
6955,9.5,367
6956,9.25,367
6957,8.95,367
6958,8.8,367
6959,9.15,367
6960,9.05,367
7033,11.4,367
7034,11.4,367
7035,11.1,367
7036,9.5,367
7037,8.9,367
7038,9.35,367
7039,9.2,367
7040,8.7,367
7041,8.45,367
7112,10.85,367
7113,9.75,367
7114,9.55,367
7115,9.25,367
7116,9.5,367
7117,9.55,367
7118,9.05,367
7193,11.45,367
7194,10.15,367
7195,9.8,367
7196,8.95,367
7197,8.8,367
2952,10.25,367
2953,9.9,367
3082,10.35,367
3083,10.05,367
3084,10.35,367
3085,10.25,367
3086,10.15,367
3087,9.8,367
3210,10.35,367
3211,10.4,367
3212,10.45,367
3213,10.2,367
3214,9.8,367
3215,9.6,367
3337,10.15,367
3338,10.05,367
3339,9.7,367
3340,9.7,367
3341,9.1,367
3342,8.85,367
3462,10.1,367
3463,9.9,367
3464,9.65,367
3465,9.65,367
3466,8.95,367
3467,8.85,367
3468,8.6,367
3586,10.05,367
3587,9.7,367
3588,9.55,367
3589,9,367
3590,8.95,367
3591,8.65,367
3592,8.65,367
3593,8.95,367
3594,8.75,367
3708,9.9,367
3709,9.95,367
3710,9.9,367
3711,9.1,367
3712,8.85,367
3713,8.75,367
3714,8.6,367
3715,8.75,367
3716,8.95,367
3717,8.7,367
3718,8.9,367
3719,9.2,367
3720,9.55,367
3829,10.15,367
3830,10.1,367
3831,9.8,367
3832,9.2,367
3833,8.9,367
3834,8.5,367
3835,8.55,367
3836,8.65,367
3837,9.05,367
3838,9,367
3839,9.1,367
3840,9.3,367
3951,9.75,367
3952,9.65,367
3953,9.65,367
3954,8.9,367
3955,8.75,367
3956,8.4,367
3957,8.2,367
3958,8.4,367
3959,8.8,367
3960,9.2,367
3961,9.3,367
3962,9.4,367
4071,9.6,367
4072,9.45,367
4073,9.5,367
4074,8.85,367
4075,8.5,367
4076,8.25,367
4077,8.3,367
4078,8.85,367
4079,9.1,367
4080,9.4,367
4081,9.4,367
4082,9.55,367
4083,9.6,367
4188,8.8,367
4189,9.6,367
4190,9.55,367
4191,9.45,367
4192,8.4,367
4193,8.5,367
4194,9.7,367
4195,9.25,367
4196,9.4,367
4197,9.5,367
4198,9.5,367
4199,9.5,367
4200,9.6,367
4306,9.25,367
4307,9.6,367
4308,9.5,367
4309,9.55,367
4310,9.15,367
4311,8.8,367
4312,9.45,367
4313,9.4,367
4314,9.5,367
4315,9.6,367
4316,9.6,367
4317,10.35,367
4422,9.35,367
4423,9.75,367
4424,9.65,367
4425,9.45,367
4426,9,367
4427,8.85,367
4428,10,367
4429,9.4,367
4430,9.5,367
4431,9.6,367
4432,9.6,367
4539,9.75,367
4540,9.7,367
4541,9.45,367
4542,8.85,367
4543,9.7,367
4544,9.35,367
4545,9.5,367
4546,9.6,367
4547,9.7,367
4658,9.15,367
4659,9.15,367
4660,9.25,367
4661,9.6,367
4662,9.6,367
4663,9.65,367
4664,9.6,367
4775,9.95,367
1311,11.95,367
1413,11.6,367
1414,11.6,367
1415,11.85,367
1416,11.8,367
1417,11.95,367
1521,11.7,367
1522,11.45,367
1523,11.55,367
1524,11.6,367
1525,11.6,367
1526,11.75,367
1527,11.85,367
1631,11.3,367
1632,11.3,367
1633,11.3,367
1634,11.4,367
1635,11.55,367
1636,11.65,367
1637,11.65,367
1638,12.2,367
1748,10.9,367
1749,10.95,367
1750,10.85,367
1751,10.8,367
1752,11.4,367
1753,11.3,367
1754,11.5,367
1755,11.7,367
1758,11.55,367
1759,11.8,367
1760,11.85,367
1872,10.75,367
1873,10.45,367
1874,10.4,367
1875,10.45,367
1876,10.95,367
1877,10.7,367
1878,10.95,367
1879,11.4,367
1880,11.85,367
1881,11.7,367
1882,11.5,367
1883,11.55,367
1884,11.9,367
1885,11.7,367
1886,11.7,367
1995,10.9,367
1996,10.9,367
1997,10.3,367
1998,10.3,367
1999,10.45,367
2000,10.45,367
2001,10.8,367
2002,10.95,367
2003,11.4,367
2004,11.8,367
2005,11.55,367
2006,11.55,367
2007,11.55,367
2008,11.5,367
2009,11.65,367
2010,11.7,367
2117,11.45,367
2118,10.95,367
2119,10.4,367
2120,10.55,367
2121,10.55,367
2122,10.55,367
2123,10.45,367
2124,10.6,367
2125,10.85,367
2126,11.1,367
2127,11.35,367
2128,11.65,367
2129,11.55,367
2130,11.45,367
2131,11.85,367
2239,11.55,367
2240,10.8,367
2241,10.65,367
2242,10.9,367
2243,10.8,367
2244,10.45,367
2245,10.7,367
2246,10.6,367
2247,10.85,367
2248,10.5,367
2249,10.85,367
2250,11.2,367
2251,11.45,367
2252,11.55,367
2253,11.65,367
2362,10.6,367
2363,10.65,367
2364,10.7,367
2366,11.05,367
2367,11.1,367
2368,10.95,367
2369,10.85,367
2370,10.85,367
2371,10.75,367
2372,11.15,367
2373,11.35,367
2495,11.35,367
2496,11.3,367
2497,11.15,367
2499,11.4,367
2626,11.65,367
5598,10.8,367
5599,11,367
5600,10.95,367
5601,10.7,367
5602,10.7,367
5603,10.4,367
5604,10.1,367
5605,9.9,367
5690,10.4,367
5691,10.7,367
5692,10.5,367
5693,10.7,367
5694,10.4,367
5695,10.1,367
5696,10.3,367
5697,9.8,367
5698,9.95,367
5699,9.7,367
5782,10.45,367
5783,10.2,367
5784,10.15,367
5785,9.75,367
5786,10.45,367
5787,9.65,367
5788,9.75,367
5789,9.9,367
5790,10.15,367
5791,10.05,367
5792,10.2,367
5872,10.25,367
5873,10.1,367
5874,9.7,367
5875,9.4,367
5876,9.95,367
5877,9.4,367
5878,9.8,367
5879,10,367
5880,9.8,367
5881,9.8,367
5963,9.9,367
5964,9.8,367
5965,9.35,367
5966,8.8,367
5967,9.25,367
5968,9.7,367
5969,9.15,367
5970,9.55,367
5971,9.15,367
5972,9.3,367
6053,9.4,367
6054,9.75,367
6055,9.45,367
6056,9.15,367
6057,8.9,367
6058,9.25,367
6059,9.05,367
6060,9,367
6061,8.65,367
6062,8.95,367
6139,10.15,367
6140,9.55,367
6141,9.2,367
6142,8.55,367
6143,8.9,367
6144,8.55,367
6145,9,367
6146,8.65,367
6147,8.5,367
6148,8.25,367
6223,9.55,367
6224,9.2,367
6225,8.2,367
6226,8.35,367
6227,8.25,367
6228,8.55,367
6229,8.3,367
6230,7.95,367
6304,8.149999999999999,367
6305,7.800000000000001,367
6306,7.55,367
6307,7.699999999999999,367
6308,7.800000000000001,367
6309,7.75,367
6385,7.6,367
6387,7.45,367
6388,7.25,367
6389,7.550000000000001,367
6452,10.7,367
6453,10.4,367
6531,11.1,367
6532,10.75,367
6533,10.5,367
6534,10.2,367
6535,10.05,367
6612,11.1,367
6613,11,367
6614,10.85,367
6615,10.75,367
6616,10.4,367
6617,10.4,367
6618,10.25,367
6694,11.65,367
6695,11.1,367
6696,11,367
6697,11,367
6698,11,367
6699,10.8,367
6700,10.65,367
6701,10.3,367
6702,10.2,367
6777,11.65,367
6778,11.1,367
6779,11.2,367
6780,11.2,367
6781,11.1,367
6782,10.95,367
6783,11,367
6784,10.6,367
6785,10.3,367
6786,10.15,367
6859,11.9,367
6860,11.7,367
6861,11.3,367
6862,11.3,367
6863,11,367
6864,11.05,367
6865,11,367
6866,11.25,367
6867,11.15,367
6868,10.85,367
6939,12,367
6940,11.95,367
6941,11.8,367
6942,11.55,367
6943,11.2,367
6944,11.2,367
6945,11.3,367
6946,11.25,367
6947,11.35,367
6948,11.25,367
6949,11.1,367
6950,10.8,367
7020,11.95,367
7021,11.8,367
7022,11.8,367
7023,11.7,367
7024,11.45,367
7025,11.45,367
7026,11.15,367
7027,11.2,367
7028,11.2,367
7029,11,367
7030,11,367
7031,11.1,367
7032,11,367
7099,11.95,367
7100,11.9,367
7101,11.9,367
7102,11.45,367
7103,11.25,367
7104,11.1,367
7105,11.05,367
7106,11.05,367
7107,10.9,367
7108,11.1,367
7109,11.5,367
7110,11.1,367
7111,10.95,367
7177,12.05,367
7178,12,367
7179,11.9,367
7180,11.55,367
7181,11.35,367
7182,11.2,367
7183,11.1,367
7184,11,367
7185,11,367
7186,11.15,367
7187,11.5,367
7188,11.25,367
7189,11,367
7190,10.8,367
7258,12.05,367
7259,11.95,367
7260,11.9,367
7261,11.65,367
7262,11.5,367
7263,11.45,367
7264,11.35,367
7265,11.1,367
7266,11.35,367
7267,11.6,367
7268,11.4,367
7269,11.1,367
7270,11.2,367
7271,11.05,367
7341,13,367
7342,12.9,367
7344,11.85,367
7345,11.75,367
7346,11.65,367
7347,11.55,367
7348,11.5,367
7349,11.7,367
7350,11.55,367
7351,11.5,367
7352,11.4,367
7353,11.5,367
7354,11.5,367
7427,11.55,367
7428,11.45,367
7429,11.55,367
7430,11.4,367
7431,11.4,367
7432,11.25,367
7433,11.35,367
7434,11.2,367
7435,11.5,367
7436,11.25,367
7511,11.5,367
7512,11.5,367
7513,11.5,367
7514,11.45,367
7515,11.35,367
7516,11.2,367
7517,11.1,367
7518,11,367
7519,11.1,367
7598,11.25,367
7599,11.1,367
7600,11.05,367
3731,10.25,367
3732,9.9,367
3733,10,367
3849,11,367
3850,10.3,367
3851,10.45,367
3852,10.5,367
3853,10.2,367
3854,10.05,367
3970,10.4,367
3971,10.35,367
3972,10.2,367
3973,10.1,367
3974,9.3,367
3975,9.5,367
3976,8.75,367
4088,10.3,367
4089,10.1,367
4090,10.1,367
4091,9.75,367
4092,9.75,367
4093,9.2,367
4094,8.75,367
4095,8.7,367
4096,8.75,367
4203,10.75,367
4204,10.65,367
4205,10.35,367
4206,9.95,367
4207,9.95,367
4208,9.55,367
4209,8.9,367
4210,8.2,367
4211,8.45,367
4212,8.25,367
4213,7.449999999999999,367
4321,10.55,367
4322,10.45,367
4323,9.85,367
4324,9.25,367
4325,8.85,367
4326,8.25,367
4327,7.800000000000001,367
4328,7.75,367
4329,6.949999999999999,367
4437,10.25,367
4438,10.1,367
4439,9.75,367
4440,9.55,367
4441,8.35,367
4442,7.6,367
4443,7.35,367
4444,6.800000000000001,367
4553,10.05,367
4554,9.95,367
4555,9,367
4556,8.45,367
4557,8.25,367
4558,6.85,367
4559,7.05,367
4560,6.6,367
4671,9,367
4672,8.15,367
4673,7.8,367
4674,7.550000000000001,367
4675,6.9,367
4788,7.75,367
4789,7.4,367
4790,7.25,367
4791,6.4,367
4905,7.05,367
4906,6.699999999999999,367
4907,5.85,367
5021,6.300000000000001,367
5022,6,367
5133,5.55,367
6904,10.4,367
6905,9.6,367
6906,9,367
6907,8.75,367
6986,9.9,367
6987,9.55,367
6988,9.1,367
6989,8.7,367
7067,9.7,367
7068,9.85,367
7069,9.5,367
7070,9.3,367
7146,9.75,367
7147,9.7,367
7148,9.55,367
7149,8.3,367
7150,8.15,367
7151,6.9,367
7225,9.85,367
7226,9.65,367
7227,9.05,367
7228,7.75,367
7229,7,367
7230,6.550000000000001,367
7306,9.9,367
7307,9.5,367
7308,7.85,367
7309,6.65,367
7310,5.3,367
7311,5.6,367
7389,9.85,367
7390,9.2,367
7391,7.949999999999999,367
7392,7.65,367
7393,7,367
7394,6.1,367
7471,10,367
7472,9.75,367
7473,9.15,367
7474,8.2,367
7475,8,367
7476,8.15,367
7477,7.25,367
7478,4.75,367
7479,4.6,367
7555,9.65,367
7556,9,367
7557,9.05,367
7558,8.55,367
7559,8.100000000000001,367
7560,7.4,367
7561,8.05,367
7562,6.75,367
7563,5.65,367
7564,5.3,367
7637,9.2,367
7638,9.2,367
7639,8.7,367
7640,8.2,367
7641,6.65,367
7642,7.199999999999999,367
7643,6.65,367
7644,7.05,367
7645,5.449999999999999,367
7719,9.4,367
7720,9.05,367
7721,8.45,367
7722,8,367
7723,7.5,367
7724,7.300000000000001,367
7725,6.45,367
7726,6.45,367
7727,5.050000000000001,367
7800,9.35,367
7801,9,367
7802,8.649999999999999,367
7803,9,367
7804,7.65,367
7805,7.4,367
7806,7.1,367
7807,7.55,367
7882,9.4,367
7883,9.2,367
7884,9.15,367
7886,8.65,367
7887,8.9,367
7888,8.1,367
7889,7.7,367
7965,9.45,367
7966,9.3,367
7967,9.3,367
7969,9.45,367
7970,8.3,367
7971,8.45,367
7972,7.75,367
7973,7.300000000000001,367
7974,7,367
8052,9.3,367
8055,9.1,367
8056,8.399999999999999,367
8057,7.300000000000001,367
8058,7.300000000000001,367
8059,7.050000000000001,367
8149,7,367
8150,7.35,367
720,11.5,367
798,10.95,367
799,10.95,367
800,10.6,367
801,10.55,367
802,10.95,367
807,10.15,367
808,9.55,367
809,9.6,367
882,10.55,367
883,10.7,367
884,10.85,367
885,10.55,367
886,10.1,367
889,10.7,367
890,10.2,367
891,9.7,367
892,9.75,367
893,9.9,367
894,10,367
968,10.75,367
969,10.6,367
970,10.9,367
971,10.95,367
972,10.75,367
973,10.8,367
974,10.2,367
975,10.5,367
976,10.6,367
977,10.25,367
978,9.85,367
979,9.9,367
980,10.1,367
1055,10.65,367
1056,10.5,367
1057,10.7,367
1058,10.95,367
1059,10.8,367
1060,10.75,367
1061,10.8,367
1062,10.35,367
1063,10.3,367
1064,10.45,367
1065,9.65,367
1066,9.95,367
1144,10.5,367
1145,10.6,367
1146,10.75,367
1147,10.85,367
1148,10.75,367
1149,10.8,367
1150,10.9,367
1151,11.05,367
1152,10.15,367
1153,10.2,367
1154,10.2,367
1155,10.1,367
1234,10.5,367
1235,10.5,367
1236,10.6,367
1237,10.7,367
1238,10.7,367
1239,10.8,367
1240,10.9,367
1241,10.9,367
1242,10.2,367
1243,10.1,367
1334,10.3,367
1335,10.35,367
1336,10.4,367
1337,10.55,367
1338,10.6,367
1339,10.75,367
1340,10.8,367
1341,10.8,367
1342,10.8,367
1343,10.2,367
1439,10.25,367
1440,10.4,367
1441,10.45,367
1442,10.55,367
1443,10.7,367
1444,10.75,367
1445,10.8,367
1446,11.05,367
1549,10.3,367
1550,10.5,367
1551,10.55,367
1552,10.65,367
1553,10.75,367
1554,10.9,367
1665,10.5,367
1666,10.4,367
1667,10.55,367
1447,10.9,367
1555,11,367
1556,11,367
1668,10.65,367
1669,10.75,367
1670,10.9,367
1671,11,367
1672,10.85,367
1789,10.4,367
1790,10.5,367
1791,10.5,367
1792,10.55,367
1793,10.75,367
1794,10.9,367
1795,10.95,367
1913,10,367
1914,10.2,367
1915,10.35,367
1916,10.4,367
1917,10.5,367
1918,10.6,367
1919,10.9,367
1920,10.85,367
2037,10.15,367
2038,10.35,367
2039,10.15,367
2040,10.15,367
2041,10.5,367
2042,10.75,367
2043,10.85,367
2044,10.75,367
2159,10.3,367
2160,10.4,367
2161,10.7,367
2162,10.5,367
2163,10.65,367
2164,10.75,367
2165,10.75,367
2166,10.75,367
2281,10.25,367
2282,10.2,367
2283,10.35,367
2284,10.6,367
2285,10.75,367
2286,10.8,367
2287,10.75,367
2288,10.75,367
2289,10.75,367
2290,10.3,367
2402,10.65,367
2403,10.05,367
2404,10.45,367
2405,10.8,367
2406,10.65,367
2407,10.75,367
2408,10.75,367
2409,10.75,367
2410,10.75,367
2411,10.8,367
2412,10.85,367
2529,10.4,367
2530,10.25,367
2531,10.65,367
2532,10.9,367
2533,10.8,367
2534,10.85,367
2535,10.8,367
2536,10.8,367
2537,10.85,367
2538,10.85,367
2539,10.85,367
2659,10.25,367
2660,10.5,367
2661,10.85,367
2662,10.9,367
2663,10.55,367
2664,10.85,367
2665,10.85,367
2666,10.75,367
2667,10.75,367
2668,10.9,367
2788,10.95,367
2789,11,367
2790,10.7,367
2791,10.75,367
2792,10.8,367
2793,10.75,367
2794,10.85,367
2795,11,367
2920,11.1,367
2921,10.85,367
2922,10.75,367
2923,10.55,367
1513,12.15,367
1514,12.2,367
1515,12.15,367
1516,12.05,367
1517,12.1,367
1519,11.85,367
1520,11.85,367
1621,12.05,367
1622,12.1,367
1623,11.95,367
1624,11.95,367
1625,11.8,367
1626,11.7,367
1627,11.8,367
1628,11.85,367
1629,11.85,367
1630,11.65,367
1738,11.85,367
1739,11.85,367
1740,11.85,367
1741,11.8,367
1742,11.8,367
1743,11.7,367
1744,11.6,367
1745,11.55,367
1746,11.45,367
1747,11.2,367
1861,12,367
1862,11.9,367
1863,11.95,367
1864,12,367
1865,11.8,367
1866,11.6,367
1867,11.55,367
1868,11.2,367
1869,10.75,367
1870,10.85,367
1871,10.9,367
1984,12.6,367
1987,12.45,367
1988,12.45,367
1989,11.9,367
1990,11.25,367
1991,10.7,367
1992,10.6,367
1993,10.85,367
1994,11.35,367
2108,12.45,367
2109,12.4,367
2110,12.25,367
2111,12.1,367
2112,11.6,367
2113,11.5,367
2114,11.25,367
2115,11.4,367
2116,11.5,367
2232,12.05,367
2233,11.8,367
2234,12.1,367
2235,11.65,367
2236,11.55,367
2237,11.55,367
2238,11.55,367
2354,12.45,367
2355,11.95,367
2356,11.65,367
2357,11.55,367
2358,11.65,367
2359,11.55,367
2360,11.3,367
2478,12.35,367
2479,12.25,367
2480,12.2,367
2481,12,367
2482,11.7,367
2483,11.8,367
2484,11.6,367
2485,11.5,367
2486,11.3,367
2610,12.1,367
2611,11.85,367
2612,12,367
2613,12.1,367
2614,11.8,367
2615,11.55,367
2616,11.35,367
2737,12.5,367
2738,12.25,367
2739,12.35,367
2740,12.3,367
2741,11.95,367
2742,11.8,367
2743,11.85,367
2744,11.85,367
2745,11.85,367
2869,12.5,367
2871,12.5,367
2872,12.5,367
2873,12.2,367
2874,12.15,367
2875,12.15,367
2876,12.15,367
3006,12.5,367
3007,12.45,367
3008,12.3,367
9765,10.9,367
9766,6.25,367
9767,4.5,367
9790,9.3,367
9791,8.4,367
9792,7,367
9793,4.5,367
9806,11.5,367
9807,10.4,367
9808,10.25,367
9809,8.899999999999999,367
9810,7.85,367
9811,5.1,367
9818,11.6,367
9819,11.15,367
9820,9.6,367
9821,9.6,367
9822,7.25,367
9823,3.8,367
9829,10.85,367
9830,10.65,367
9831,8.399999999999999,367
9832,7.1,367
9833,5.15,367
9838,11.1,367
9839,11.15,367
9840,11.2,367
9841,9.7,367
9842,7.1,367
9843,7.45,367
9844,5.1,367
9849,10.85,367
9850,9.45,367
9851,9.85,367
9852,5.75,367
9853,4.75,367
9854,11.1,367
9857,10.3,367
9858,11.1,367
9859,7.9,367
9860,7.3,367
9861,7.1,367
9862,9.15,367
9864,11.5,367
9865,11.5,367
9866,10.7,367
9867,10.15,367
9868,9.45,367
9869,7.949999999999999,367
9870,12.05,367
9871,13.4,367
9872,11.5,367
9873,10.95,367
9874,10.75,367
9875,9.55,367
9876,9.5,367
9877,13.3,367
9878,11.4,367
9879,11.1,367
9880,10.85,367
9881,9.05,367
9882,12.6,367
9883,13.05,367
9885,12.95,367
9886,13.1,367
9887,12.65,367
9888,13.1,367
9890,12.95,367
9352,13.65,367
9409,13.35,367
9410,13.1,367
9461,13.85,367
9462,11.25,367
9506,14.75,367
9507,10.9,367
9549,14.35,367
9550,14.55,367
9551,14.85,367
9552,12.45,367
9594,14.05,367
9595,11.3,367
9596,14.15,367
9597,12.35,367
9635,14.7,367
9636,13.4,367
9637,11.25,367
9638,11.35,367
9639,9.55,367
9640,9.95,367
9641,9.65,367
9642,13.25,367
9676,14,367
9677,14.05,367
9678,9.8,367
9679,5.65,367
9680,7.6,367
9681,9.6,367
9682,8.9,367
9683,9,367
9684,12.1,367
9708,14,367
9709,10.65,367
9710,4.65,367
9711,4.6,367
9712,5.5,367
9713,9.4,367
9714,7.800000000000001,367
9715,8.35,367
9716,10,367
9736,12.45,367
9737,8.05,367
9738,4.699999999999999,367
9739,4.6,367
9740,5.6,367
9741,8.15,367
9742,6.95,367
9743,6.7,367
9744,9.2,367
9768,4.5,367
9769,4.75,367
9770,7.4,367
9771,9.2,367
9772,8.2,367
9773,10.45,367
9794,3.35,367
9795,6.3,367
9796,8.75,367
9797,10.9,367
9798,12.5,367
9812,5.1,367
9813,6.7,367
9814,11.15,367
9815,12.55,367
9816,12.85,367
9824,5.5,367
9825,11.6,367
9826,12.7,367
9834,5.35,367
9835,10.7,367
9845,10.4,367
